Half-Cents and Cents,Liberty Cap Half Cent (1793-1797),https://i.pcgs.com/s3/cu-pcgs/Photograde/250/1793HalfCent-$$$.jpg
Half-Cents and Cents,Draped Bust Half Cent (1800-1808),https://i.pcgs.com/s3/cu-pcgs/Photograde/250/DrapedHalfCent-$$$.jpg
Half-Cents and Cents,Classic Head Half Cent (1809-1836),https://i.pcgs.com/s3/cu-pcgs/Photograde/250/ClassicHalfCent-$$$.jpg
Half-Cents and Cents,Braided Hair Half Cent (1840-1857),https://i.pcgs.com/s3/cu-pcgs/Photograde/250/BraidedHalfCent-$$$.jpg
Half-Cents and Cents,Flowing Hair Large Cent (1793-1796),https://i.pcgs.com/s3/cu-pcgs/Photograde/250/LibertyCapCent-$$$.jpg
Half-Cents and Cents,Draped Bust Cent (1796-1807),https://i.pcgs.com/s3/cu-pcgs/Photograde/250/DrapedBustCent-$$$.jpg
Half-Cents and Cents,Classic Head Cent (1808-1814),https://i.pcgs.com/s3/cu-pcgs/Photograde/250/ClassicCent-$$$.jpg
Half-Cents and Cents,Coronet Head Cent (1816-1839),https://i.pcgs.com/s3/cu-pcgs/Photograde/250/CoronetCent-$$$.jpg
Half-Cents and Cents,Braided Hair Cent (1839-1857),https://i.pcgs.com/s3/cu-pcgs/Photograde/250/BraidedCent-$$$.jpg
Half-Cents and Cents,Flying Eagle Cent (1856-1858),https://i.pcgs.com/s3/cu-pcgs/Photograde/250/FlyingEagleCent-$$$.jpg
Half-Cents and Cents,Indian Cent (1859-1909),https://i.pcgs.com/s3/cu-pcgs/Photograde/250/Indian-$$$.jpg
Half-Cents and Cents,Lincoln Cent (Wheat Reverse) (1909-1958),https://i.pcgs.com/s3/cu-pcgs/Photograde/250/Lincoln-$$$.jpg
Half-Cents and Cents,Lincoln Cent (Modern) (1959 to Date),
Two and Three Cents,Two Cent (1864-1873),https://i.pcgs.com/s3/cu-pcgs/Photograde/250/TwoCent-$$$.jpg
Two and Three Cents,Three Cent Silver (1851-1873),https://i.pcgs.com/s3/cu-pcgs/Photograde/250/3CentSil-$$$.jpg
Two and Three Cents,Three Cent Nickel (1865-1889),https://i.pcgs.com/s3/cu-pcgs/Photograde/250/3CentNic-$$$.jpg
Nickels,Shield Nickel (1866-1883),https://i.pcgs.com/s3/cu-pcgs/Photograde/250/ShieldNic-$$$.jpg
Nickels,Liberty Nickel (1883-1913),https://i.pcgs.com/s3/cu-pcgs/Photograde/250/LibNic-$$$.jpg
Nickels,Buffalo Nickel (1913-1938),https://i.pcgs.com/s3/cu-pcgs/Photograde/250/Buffalo-$$$.jpg
Nickels,Jefferson Nickel (1938 to Date),https://i.pcgs.com/s3/cu-pcgs/Photograde/250/Buffalo-$$$.jpg
Half-Dimes and Dimes,Bust Half Dime (1792),
Half-Dimes and Dimes,Flowing Hair Half Dime (1794-1795),https://i.pcgs.com/s3/cu-pcgs/Photograde/250/FlowingHalfDime-$$$.jpg
Half-Dimes and Dimes,Draped Bust Half Dime (1796-1805),https://i.pcgs.com/s3/cu-pcgs/Photograde/250/DrapedHalfDimeSE-$$$.jpg
Half-Dimes and Dimes,Capped Bust Half Dime (1829-1837),https://i.pcgs.com/s3/cu-pcgs/Photograde/250/CappedHalfDime-$$$.jpg
Half-Dimes and Dimes,Liberty Seated Half Dime (1837-1873),https://i.pcgs.com/s3/cu-pcgs/Photograde/250/SeatedHalfDime-$$$.jpg
Half-Dimes and Dimes,Draped Bust Dime (1796-1807),https://i.pcgs.com/s3/cu-pcgs/Photograde/250/Draped10SE-$$$.jpg
Half-Dimes and Dimes,Capped Bust Dime (1809-1837),https://i.pcgs.com/s3/cu-pcgs/Photograde/250/Capped10Lg-$$$.jpg
Half-Dimes and Dimes,Liberty Seated Dime (1837-1891),https://i.pcgs.com/s3/cu-pcgs/Photograde/250/Seated10-$$$.jpg
Half-Dimes and Dimes,Barber Dime (1892-1916),https://i.pcgs.com/s3/cu-pcgs/Photograde/250/Barber10-$$$.jpg
Half-Dimes and Dimes,Mercury Dime (1916-1945),https://i.pcgs.com/s3/cu-pcgs/Photograde/250/Mercury-$$$.jpg
Half-Dimes and Dimes,Roosevelt Dime (1946 to Date),https://i.pcgs.com/s3/cu-pcgs/Photograde/250/Roosevelt-$$$.jpg
Twenty Cents and Quarters,Twenty Cent (1875-1878),https://i.pcgs.com/s3/cu-pcgs/Photograde/250/Twenty-$$$.jpg
Twenty Cents and Quarters,Draped Bust Quarter (1796-1807),https://i.pcgs.com/s3/cu-pcgs/Photograde/250/Draped25SE-$$$.jpg
Twenty Cents and Quarters,Capped Bust Quarter (1815-1838),https://i.pcgs.com/s3/cu-pcgs/Photograde/250/Capped25Lg-$$$.jpg
Twenty Cents and Quarters,Liberty Seated Quarter (1838-1891),https://i.pcgs.com/s3/cu-pcgs/Photograde/250/Seated25-$$$.jpg
Twenty Cents and Quarters,Barber Quarter (1892-1916),https://i.pcgs.com/s3/cu-pcgs/Photograde/250/Barber25-$$$.jpg
Twenty Cents and Quarters,Standing Liberty Quarter (1916-1930),https://i.pcgs.com/s3/cu-pcgs/Photograde/250/SLQT1-$$$.jpg
Twenty Cents and Quarters,Washington Quarter (1932-1998),https://i.pcgs.com/s3/cu-pcgs/Photograde/250/Washington-$$$.jpg
Twenty Cents and Quarters,Washington 50 States Quarters (1999-2008),
Twenty Cents and Quarters,Washington D.C. and U.S. Territories Quarters (2009),
Twenty Cents and Quarters,Washington America the Beautiful Quarters (2010-2021),
Twenty Cents and Quarters,Washington Crossing the Delaware Quarters,
Twenty Cents and Quarters,American Women Quarters (2022-2025),
Half Dollars,Flowing Hair Half Dollar (1794-1795),https://i.pcgs.com/s3/cu-pcgs/Photograde/250/FlowingHalf-$$$.jpg
Half Dollars,Draped Bust Half Dollar (1796-1807),https://i.pcgs.com/s3/cu-pcgs/Photograde/250/Draped50SE-$$$.jpg
Half Dollars,Capped Bust Half Dollar (1807-1839),https://i.pcgs.com/s3/cu-pcgs/Photograde/250/Capped50-$$$.jpg
Half Dollars,Liberty Seated Half Dollar (1839-1891),https://i.pcgs.com/s3/cu-pcgs/Photograde/250/Seated50-$$$.jpg
Half Dollars,Barber Half Dollar (1892-1915),https://i.pcgs.com/s3/cu-pcgs/Photograde/250/Barber50-$$$.jpg
Half Dollars,Walking Liberty Half Dollar (1916-1947),https://i.pcgs.com/s3/cu-pcgs/Photograde/250/Walker-$$$.jpg
Half Dollars,Franklin Half Dollar (1948-1963),https://i.pcgs.com/s3/cu-pcgs/Photograde/250/Franklin-$$$.jpg
Half Dollars,Kennedy Half Dollar (1964 to Date),https://i.pcgs.com/s3/cu-pcgs/Photograde/250/Kennedy-$$$.jpg
Dollars,Flowing Hair Dollar (1794-1795),https://i.pcgs.com/s3/cu-pcgs/Photograde/250/FlowingDol-$$$.jpg
Dollars,Draped Bust Dollar (1795-1804),https://i.pcgs.com/s3/cu-pcgs/Photograde/250/DrapedDolSE-$$$.jpg
Dollars,Liberty Seated Dollar (1836-1873),https://i.pcgs.com/s3/cu-pcgs/Photograde/250/SeatedDol-$$$.jpg
Dollars,Trade Dollar (1873-1885),https://i.pcgs.com/s3/cu-pcgs/Photograde/250/Trade-$$$.jpg
Dollars,Morgan Dollar (1878-1921),https://i.pcgs.com/s3/cu-pcgs/Photograde/250/Morgan-$$$.jpg
Dollars,Peace Dollar (1921-1935),https://i.pcgs.com/s3/cu-pcgs/Photograde/250/Peace-$$$.jpg
Dollars,Ike Dollar (1971-1978),https://i.pcgs.com/s3/cu-pcgs/Photograde/250/Ike-$$$.jpg
Dollars,Susan B. Anthony Dollar (1979-1999),https://i.pcgs.com/s3/cu-pcgs/Photograde/250/SBA-$$$.jpg
Dollars,Sacagawea Dollar (2000 to Date),https://i.pcgs.com/s3/cu-pcgs/Photograde/250/SAC-$$$.jpg
Dollars,Presidential Dollars (2007 to Date),
Dollars,American Innovation Dollar (2018-2032),
Dollars,Morgan and Peace Dollar Reproductions (2021 to Date),
Gold Coins,Gold Dollar (1849-1889),https://i.pcgs.com/s3/cu-pcgs/Photograde/250/GoldDollar1-$$$.jpg
Gold Coins,Draped Bust $2.5 (1796-1807),https://i.pcgs.com/s3/cu-pcgs/Photograde/250/CappedBustR2.5-$$$.jpg
Gold Coins,Capped Bust $2.5 (1808-1834),https://i.pcgs.com/s3/cu-pcgs/Photograde/250/Capped2.5-$$$.jpg
Gold Coins,Classic Head $2.5 (1834-1839),https://i.pcgs.com/s3/cu-pcgs/Photograde/250/Classic2.5-$$$.jpg
Gold Coins,Liberty Head $2.5 (1840-1907),https://i.pcgs.com/s3/cu-pcgs/Photograde/250/2.5Lib-$$$.jpg
Gold Coins,Indian $2.5 (1908-1929),https://i.pcgs.com/s3/cu-pcgs/Photograde/250/2.5Ind-$$$.jpg
Gold Coins,Three Dollar (1854-1889),
Gold Coins,Draped Bust $5 (1795-1807),
Gold Coins,Capped Bust $5 (1807-1834),
Gold Coins,Classic Head $5 (1834-1838),
Gold Coins,Liberty Head $5 (1839-1908),
Gold Coins,Indian $5 (1908-1929),
Gold Coins,Draped Bust $10 (1795-1804),
Gold Coins,Liberty Head $10 (1838-1907),
Gold Coins,Indian $10 (1907-1933),
Gold Coins,Liberty Head $20 (1849-1907),
Gold Coins,St. Gaudens $20 (1907-1933),
Commemoratives,Silver Commemorative (1892-1954),
Commemoratives,Gold Commemorative (1903-1926),
Commemoratives,Modern Silver and Clad Commemoratives (1982 to Date),
Commemoratives,Modern Gold Commemorative (1984 to Date),
Commemoratives,Modern Commemorative Medals,
Commemoratives,2016 Centennial Series (2016),
Commemoratives,Norse Medal,
Bullion Coins,Silver Eagles (1986 to Date),
Bullion Coins,5 oz. America the Beautiful Silver Quarters (2010 to Date),
Bullion Coins,Gold Eagles (1986 to Date),
Bullion Coins,Platinum Eagles (1997 to Date),
Bullion Coins,Gold Buffalos (2006 to Date),
Bullion Coins,First Spouses (2007 to Date),
Bullion Coins,Ultra High Relief Double Eagles (2009),
Bullion Coins,Palladium $25 Eagle (2017 to Date),
Bullion Coins,American Liberty Gold (2015 to Date),
Bullion Coins,Liberty and Britannia (2024 to Date),
Proof & Mint Sets,Mint Sets (1947 to Date),
Proof & Mint Sets,Proof Sets (1936 to Date),
Proof & Mint Sets,Modern Commemorative Sets (1983 to Date),
